{"cameraMode":{"drawMode":0,"name":"Shaded","section":"Shading Mode"},"sceneLighting":false,"audioPlay":false,"sceneViewState":{"showFog":true,"showMaterialUpdate":false,"showSkybox":false,"showFlares":true,"showImageEffects":true,"showParticleSystems":true},"in2DMode":false,"pivot":{"x":9.685754776000977e-8,"y":0.1695234179496765,"z":0.6105777025222778},"rotation":{"x":0.4043027460575104,"y":-0.34194591641426089,"z":0.16619260609149934,"w":0.8318695425987244},"size":0.26613128185272219,"orthographic":false}