{"cameraMode":{"drawMode":0,"name":"Shaded","section":"Shading Mode"},"sceneLighting":false,"audioPlay":false,"sceneViewState":{"showFog":true,"showMaterialUpdate":false,"showSkybox":false,"showFlares":true,"showImageEffects":true,"showParticleSystems":true},"in2DMode":false,"pivot":{"x":0.0,"y":0.22499999403953553,"z":2.1649999618530275},"rotation":{"x":0.4043027460575104,"y":-0.34194591641426089,"z":0.16619260609149934,"w":0.8318695425987244},"size":3.0073866844177248,"orthographic":false}