{"cameraMode":{"drawMode":0,"name":"Shaded","section":"Shading Mode"},"sceneLighting":false,"audioPlay":false,"sceneViewState":{"showFog":true,"showMaterialUpdate":false,"showSkybox":false,"showFlares":true,"showImageEffects":true,"showParticleSystems":true},"in2DMode":false,"pivot":{"x":-0.011461377143859864,"y":5.711088180541992,"z":-7.152557373046875e-7},"rotation":{"x":-0.34840071201324465,"y":0.3121033310890198,"z":-0.12426036596298218,"w":-0.8750823140144348},"size":7.691050052642822,"orthographic":false}