{"cameraMode":{"drawMode":0,"name":"Shaded","section":"Shading Mode"},"sceneLighting":false,"audioPlay":false,"sceneViewState":{"showFog":true,"showMaterialUpdate":false,"showSkybox":false,"showFlares":true,"showImageEffects":true,"showParticleSystems":true},"in2DMode":false,"pivot":{"x":9.313225746154785e-9,"y":-0.028098106384277345,"z":-0.05924780294299126},"rotation":{"x":0.4043027460575104,"y":-0.34194591641426089,"z":0.16619260609149934,"w":0.8318695425987244},"size":0.0731034129858017,"orthographic":false}