{"cameraMode":{"drawMode":0,"name":"Shaded","section":"Shading Mode"},"sceneLighting":false,"audioPlay":false,"sceneViewState":{"showFog":true,"showMaterialUpdate":false,"showSkybox":false,"showFlares":true,"showImageEffects":true,"showParticleSystems":true},"in2DMode":false,"pivot":{"x":2.1631298065185549,"y":3.3691787719726564,"z":-2.246530532836914},"rotation":{"x":0.4043027460575104,"y":-0.34194591641426089,"z":0.16619260609149934,"w":0.8318695425987244},"size":0.49806275963783266,"orthographic":false}