{"cameraMode":{"drawMode":0,"name":"Shaded","section":"Shading Mode"},"sceneLighting":false,"audioPlay":false,"sceneViewState":{"showFog":true,"showMaterialUpdate":false,"showSkybox":false,"showFlares":true,"showImageEffects":true,"showParticleSystems":true},"in2DMode":false,"pivot":{"x":-0.09862470626831055,"y":2.772416591644287,"z":0.06194806098937988},"rotation":{"x":-0.34840071201324465,"y":0.3121033310890198,"z":-0.12426036596298218,"w":-0.8750823140144348},"size":4.1198906898498539,"orthographic":false}